AssignedGroup,SurvivalRate,Count
0,0.18651211801896733,949
1,0.4583333333333333,360
