AssignedGroup,SurvivalRate,Count
0,0.19308943089430894,984
1,0.4676923076923077,325
