AssignedGroup,SurvivalRate,Count
0,0.2001982160555005,1009
1,0.4666666666666667,300
